Ma Sach,Ten sach,The loai,1
1,Hat giong tam hon 1,Cuoc song,6
2,Giai tich 2,Dai cuong,93
3,Kinh doanh thoi dai moi,Kinh doanh,1
4,SQL,Tin hoc,7
5,JavaScript,Tin hoc,4
6,Microsoft .NET,Tin hoc,7
7,OOP in Java,Tin hoc,10
8,C++ Advance,Tin hoc,121
9,Information system,Tin hoc,4
10,English - Vietnamese Dictionary,Tu dien,3
11,Android app,Tin hoc,5
12,Human Compatible,Tin hoc,4234
13,Machine Learning for Designer,Tin hoc,43
14,Image Processing,Tin hoc,6
15,STM32,Dien tu,63
16,Artifical Intelligence,Tin hoc,24
17,Yeu thuong ai cung nhu ai,Cuoc song,5
18,Tu duy ky thuat so,Tin hoc,2
19,5.0 in the furture,Tin hoc,5
20,G102 - Logitech,Huong dan,6
21,yAyusi,Huong dan,3
22,Mobiistar - dien thoai,Huong dan,4
23,Vat Ly,Dai cuong,0
24,Giai tich 1,Dai cuong,1
25,Solution E1,Anh van,7
26,FBI - USA,Trinh tham,55
27,Vat Ly 2,Dai cuong,9
28,Vat Ly ban dan,Dai cuong,9
29,Linh kien dien tu,Dien tu,21
30,Trieu Dai Viet Nam,Lich su,3
31,Lich Su Van Minh The Gioi,Lich su,0
32,Du Hanh Nam Ha,Lich su,2
33,Can Ham Toi,Trinh tham,4
34,Hoi Tho Cuoi Cung,Trinh tham,9
35,Du Lieu Tu Than,Trinh tham,9
36,Sherlock Homes - tap 1,Trinh tham,12
37,Sherlock Homes - tap 2,Trinh tham,11
38,Sherlock Homes - tap 3,Trinh tham,16
39,Dam That Bai,Kinh doanh,16
40,Kinh Te 4,Kinh doanh,1
41,Naruto,Truyen tranh,29
